company_id,company_name
005930,삼성전자
015760,한국전력
005380,현대차
012330,현대모비스
090430,아모레퍼시픽
005935,삼성전자우
035420,NAVER
028260,삼성물산
000660,SK하이닉스
032830,삼성생명
005490,POSCO
000270,기아차
055550,신한지주
051910,LG화학
033780,KT&G
017670,SK텔레콤
051900,LG생활건강
034730,SK
096770,SK이노베이션
105560,KB금융
002790,아모레G
000810,삼성화재
018260,삼성에스디에스
003550,LG
010950,S-Oil
010130,고려아연
035250,강원랜드
066570,LG전자
011170,롯데케미칼
009540,현대중공업
008930,한미사이언스
034220,LG디스플레이
021240,코웨이
030200,KT
006400,삼성SDI
086790,하나금융지주
128940,한미약품
023530,롯데쇼핑
047810,한국항공우주
000030,우리은행
086280,현대글로비스
024110,기업은행
004020,현대제철
161390,한국타이어
018880,한온시스템
001040,CJ
001800,오리온
088350,한화생명
000120,CJ대한통운
027410,BGF리테일
005830,동부화재
036570,엔씨소프트
139480,이마트
097950,CJ제일제당
029780,삼성카드
078930,GS
032640,LG유플러스
004800,효성
069500,KODEX 200
002380,KCC
009240,한샘
007070,GS리테일
009830,한화케미칼
012750,에스원
036460,한국가스공사
005387,현대차2우B
000720,현대건설
009150,삼성전기
000100,유한양행
012630,현대산업
051600,한전KPS
069960,현대백화점
047050,포스코대우
000880,한화
004990,롯데제과
007310,오뚜기
000210,대림산업
088980,맥쿼리인프라
138930,BNK금융지주
037620,미래에셋증권
016360,삼성증권
001450,현대해상
005940,NH투자증권
006800,미래에셋대우
003520,영진약품
008770,호텔신라
071050,한국금융지주
012450,한화테크윈
090435,아모레퍼시픽우
011210,현대위아
047040,대우건설
005385,현대차우
006280,녹십자
034020,두산중공업
079160,CJ CGV
005300,롯데칠성
004370,농심
079550,LIG넥스원
010140,삼성중공업
010060,OCI
000240,한국타이어월드와이드
001440,대한전선
204320,만도
006360,GS건설
028050,삼성엔지니어링
000150,두산
161890,한국콜마
003490,대한항공
011070,LG이노텍
002620,제일약품
004170,신세계
006120,SK케미칼
028670,팬오션
011780,금호석유
120110,코오롱인더
000670,영풍
005440,현대그린푸드
030000,제일기획
006260,LS
005250,녹십자홀딩스
111770,영원무역
000080,하이트진로
002550,KB손해보험
000060,메리츠화재
102110,TIGER 200
014820,동원시스템즈
138040,메리츠금융지주
192400,쿠쿠전자
114090,GKL
008560,메리츠종금증권
039490,키움증권
005610,삼립식품
214320,이노션
001740,SK네트웍스
139130,DGB금융지주
003450,현대증권
073240,금호타이어
057050,현대홈쇼핑
017800,현대엘리베이
105630,한세실업
122630,KODEX 레버리지
226320,잇츠스킨
010620,현대미포조선
003690,코리안리
001120,LG상사
064350,현대로템
006650,대한유화
010120,LS산전
192820,코스맥스
051915,LG화학우
010780,아이에스동서
153130,KODEX 단기채권
042670,두산인프라코어
003410,쌍용양회
009420,한올바이오파마
002350,넥센타이어
003000,부광약품
000070,삼양홀딩스
051905,LG생활건강우
042660,대우조선해양
069620,대웅제약
068870,LG생명과학
170900,동아에스티
181710,NHN엔터테인먼트
001060,JW중외제약
185750,종근당
071840,롯데하이마트
002270,롯데푸드
108670,LG하우시스
049770,동원F&B
082640,동양생명
007570,일양약품
052690,한전기술
114800,KODEX 인버스
023590,다우기술
145990,삼양사
011790,SKC
003240,태광산업
081660,휠라코리아
064960,S&T모티브
000640,동아쏘시오홀딩스
020000,한섬
214980,KODEX 단기채권PLUS
039130,하나투어
001680,대상
003620,쌍용차
001430,세아베스틸
025540,한국단자
006040,동원산업
024720,한국콜마홀딩스
008000,도레이케미칼
006840,AK홀딩스
180640,한진칼
004000,롯데정밀화학
014680,한솔케미칼
069260,휴켐스
037560,CJ헬로비전
000990,동부하이텍
020560,아시아나항공
175330,JB금융지주
009970,영원무역홀딩스
157450,TIGER 유동자금
103140,풍산
089590,제주항공
034310,NICE
115390,락앤락
001230,동국제강
033920,무학
071320,지역난방공사
018670,SK가스
001520,동양
096760,JW홀딩스
000230,일동제약
002020,코오롱
019680,대교
002240,고려제강
003090,대웅
020150,일진머티리얼즈
053210,스카이라이프
105190,KINDEX 200
102780,KODEX 삼성그룹
072710,농심홀딩스
003470,유안타증권
000370,한화손해보험
093050,LF
005180,빙그레
012510,더존비즈온
060980,한라홀딩스
101530,해태제과식품
016450,한세예스24홀딩스
007340,동아타이어
003300,한일시멘트
005740,크라운제과
044820,코스맥스비티아이
009450,경동나비엔
210980,SK디앤디
017810,풀무원
085620,미래에셋생명
148020,KBSTAR 200
031440,신세계푸드
002960,한국쉘석유
000815,삼성화재우
004490,세방전지
138250,엔에스쇼핑
008490,서흥
003850,보령제약
009290,광동제약
078520,에이블씨엔씨
117930,한진해운
003060,슈넬생명과학
214420,토니모리
093370,후성
003540,대신증권
029530,신도리코
029460,케이씨텍
002795,아모레G우
011200,현대상선
058650,세아홀딩스
002390,한독
003920,남양유업
005850,에스엘
084690,대상홀딩스
066575,LG전자우
004430,송원산업
034120,SBS
152100,ARIRANG 200
007210,벽산
000050,경방
036580,팜스코
122900,아이마켓코리아
016380,동부제철
019170,신풍제약
031430,신세계인터내셔날
021960,케이비캐피탈
002630,오리엔트바이오
001720,신영증권
005500,삼진제약
009410,태영건설
006060,화승인더
079430,현대리바트
017940,E1
025860,남해화학
014830,유니드
101060,SBS미디어홀딩스
001630,종근당홀딩스
004710,한솔테크닉스
004690,삼천리
192530,광주은행
152870,파워 K200
070960,용평리조트
017390,서울가스
196230,KBSTAR 단기통안채
003030,세아제강
037710,광주신세계
005880,대한해운
097230,한진중공업
102460,이연제약
152330,코리아오토글라스
005690,파미셀
002250,알보젠코리아
005090,삼광글라스
002320,한진
069660,KOSEF 200
900140,코라오홀딩스
015860,일진홀딩스
005720,넥센
214390,경보제약
006390,현대시멘트
016800,퍼시스
095720,웅진씽크빅
126560,현대에이치씨엔
003560,IHQ
213500,한솔제지
042700,한미반도체
032350,롯데관광개발
003220,대원제약
104700,한국철강
015350,부산가스
001780,알루코
000400,롯데손해보험
102280,쌍방울
033660,아주캐피탈
007690,국도화학
033270,유나이티드제약
094800,맵스리얼티1
150460,TIGER 중국소비테마
030610,교보증권
036530,S&T홀딩스
004700,조광피혁
001510,SK증권
112610,씨에스윈드
008060,대덕전자
011760,현대상사
001725,신영증권우
002810,삼영무역
000140,하이트진로홀딩스
004150,한솔홀딩스
200880,서연이화
016580,환인제약
000480,조선내화
027390,한화갤러리아타임월드
003200,일신방직
139280,TIGER 경기방어
002990,금호산업
005810,풍산홀딩스
004440,대림씨엔에스
003570,S&T중공업
095570,AJ네트웍스
004360,세방
003120,일성신약
008730,율촌화학
102260,동성코퍼레이션
001130,대한제분
089470,현대EP
002780,진흥기업
001460,BYC
011160,두산건설
000430,대원강업
009680,모토닉
000970,한국주철관
007160,사조산업
194370,제이에스코퍼레이션
001500,HMC투자증권
000020,동화약품
010050,우리종금
079980,휴비스
039570,아이콘트롤스
107590,미원에스씨
017960,한국카본
002000,한국유리
000390,삼화페인트
012320,경동가스
000155,두산우
004060,SG세계물산
097955,CJ제일제당 우
183190,아세아시멘트
004250,NPC
004130,대덕GDS
010690,화신
009580,무림P&P
084680,이월드
006490,인스코비
082740,두산엔진
011000,진원생명과학
005950,이수화학
000680,LS네트웍스
004970,신라교역
002450,삼익악기
000180,성창기업지주
092230,KPX홀딩스
000700,유수홀딩스
161000,애경유화
138490,코오롱플라스틱
001200,유진투자증권
000320,노루홀딩스
004840,DRB동일
004980,성신양회
007860,서연
000860,강남제비스코
025000,KPX케미칼
003070,코오롱글로벌
003530,한화투자증권
005680,삼영전자
012160,영흥철강
130680,TIGER 원유선물(H)
004380,삼익THK
013520,화승알앤에이
090350,노루페인트
085310,엔케이
000540,흥국화재
001880,삼호
067830,세이브존I&C
204480,TIGER 차이나A레버리지(합성)
001045,CJ우
012200,계양전기
011280,태림포장
007810,코리아써키트
001360,삼성제약
015360,예스코
136490,선진
091090,세원셀론텍
002030,아세아
007660,이수페타시스
007700,F&F
033240,자화전자
005389,현대차3우B
084010,대한제강
190160,ARIRANG 단기유동성
010955,S-Oil우
002880,대유에이텍
014280,금강공업
001940,KISCO홀딩스
010820,퍼스텍
007540,샘표식품
069640,엠케이트렌드
005390,신성통상
004540,깨끗한나라
168490,한국패러랠
002360,SH에너지화학
068400,AJ렌터카
001790,대한제당
130660,한전산업
005980,성지건설
004960,한신공영
227840,현대씨앤에프
001270,부국증권
092200,디아이씨
037270,YG PLUS
900050,중국원양자원
000490,대동공업
021820,세원정공
011090,에넥스
025560,미래산업
084870,TBH글로벌
003545,대신증권우
000040,KR모터스
100250,진양홀딩스
005750,대림B&Co
033530,세종공업
226810,파워 단기채
044450,KSS해운
011930,신성솔라에너지
012610,경인양행
002840,미원상사
002310,아세아제지
035150,백산
004830,덕성
016880,웅진
500019,신한 레버리지 WTI원유 선물 ETN(H)
103590,일진전기
003460,유화증권
003230,삼양식품
009440,KC그린홀딩스
004200,고려개발
117580,대성에너지
034300,신세계건설
019300,태림페이퍼
026890,디피씨
002170,삼양통상
004310,현대약품
163560,동일고무벨트
007980,태평양물산
130730,KOSEF 단기자금
006220,제주은행
100840,S&TC
013570,디와이
002150,도화엔지니어링
092440,기신정기
005870,휴니드
077970,STX엔진
003650,미창석유
019440,세아특수강
058860,케이티스
002460,화성산업
114100,KBSTAR 국고채
001390,KG케미칼
063160,종근당바이오
030210,KTB투자증권
075180,새론오토모티브
041650,상신브레이크
016090,대현
004910,조광페인트
094280,효성ITX
016710,대성홀딩스
009310,참엔지니어링
071055,한국금융지주우
002210,동성제약
009160,SIMPAC
016610,동부증권
004890,동일산업
014790,한라
002300,한국제지
003160,디아이
006380,카프로
001820,삼화콘덴서
123690,한국화장품
02826K,삼성물산우B
005110,한창
003480,한진중공업홀딩스
006370,대구백화점
000890,보해양조
014130,한익스프레스
239660,ARIRANG 우량회사채50
015890,태경산업
014990,인디에프
003555,LG우
008350,남선알미늄
004870,티웨이홀딩스
012690,모나리자
035510,신세계 I&C
003280,흥아해운
035000,지투알
004560,현대비앤지스틸
190620,KINDEX 단기자금
024090,디씨엠
001530,동일방직
152550,한국ANKOR유전
012030,동부
005190,동성화학
002820,선창산업
100220,비상교육
005800,신영와코루
003830,대한화섬
008600,윌비스
002700,신일산업
001380,SG충방
023000,삼원강재
003350,한국화장품제조
058430,포스코강판
075580,세진중공업
093240,형지엘리트
025750,한솔홈데코
103130,웅진에너지
053690,한미글로벌
024890,대원화성
034590,인천도시가스
003960,사조대림
047400,쌍용머티리얼
012170,키스톤글로벌
168580,KINDEX 중국본토CSI300
009270,신원
110570,넥솔론
033180,필룩스
134380,미원화학
006090,사조오양
004720,우리들제약
018470,조일알미늄
017900,광전자
000650,천일고속
004770,써니전자
105840,우진
006340,대원전선
014530,극동유화
078000,텔코웨어
005945,NH투자증권우
068290,삼성출판사
001260,남광토건
011150,CJ씨푸드
009200,무림페이퍼
114470,KOSEF 국고채
003080,성보화학
014710,사조씨푸드
143860,TIGER 헬스케어
008040,사조동아원
058850,KTcs
002100,경농
025620,SWH
001020,페이퍼코리아
008250,이건산업
027740,마니커
000300,대유신소재
000850,화천기공
079660,사조해표
014160,대영포장
004080,신흥
008970,동양철관
001470,삼부토건
007120,미래아이앤지
005430,한국공항
020760,일진디스플
007110,일신석재
123700,SJM
096775,SK이노베이션우
000215,대림산업우
012280,영화금속
006980,우성사료
018500,동원금속
077500,유니퀘스트
006405,삼성SDI우
019685,대교우B
005305,롯데칠성우
017040,광명전기
002600,조흥
002720,국제약품
008700,아남전자
006880,신송홀딩스
017180,명문제약
145210,세화아이엠씨
013580,계룡건설
226490,KODEX 코스피
003610,방림
028100,동아지질
007190,한솔아트원제지
015260,에이엔피
002920,유성기업
013870,지엠비코리아
017550,수산중공업
081000,일진다이아
007590,동방아그로
009770,삼정펄프
005010,휴스틸
009070,KCTC
011690,유양디앤유
004450,삼화왕관
001750,한양증권
133820,화인베스틸
012800,대창
129260,인터지스
006125,SK케미칼우
084670,동양고속
192090,TIGER 차이나A300
161510,ARIRANG 고배당주
005360,모나미
000500,가온전선
010100,한국프랜지
006570,대림통상
002900,동양물산
122260,KOSEF 통안채
120115,코오롱인더우
000220,유유제약
010960,삼호개발
000590,CS홀딩스
023800,인지컨트롤스
016590,신대양제지
011330,유니켐
071970,STX중공업
001340,백광산업
011700,한신기계
005960,동부건설
032560,황금에스티
011810,STX
014910,성문전자
083420,KPX그린케미칼
011785,금호석유우
211560,TIGER 배당성장
006805,미래에셋대우우
214330,금호에이치티
008260,NI스틸
109070,KGP
006660,삼성공조
014440,영보화학
118000,우리들휴브레인
001210,금호전기
002200,수출포장
174350,TIGER 로우볼
058730,동아에스텍
091230,TIGER 반도체
015230,대창단조
009155,삼성전기우
025530,SJM홀딩스
108675,LG하우시스우
001080,만호제강
001570,금양
015590,대경기계
013000,세우글로벌
120030,조선선재
223190,KODEX 200 내재가치
104120,신성에프에이
093230,이아이디
144620,코오롱머티리얼
011420,갤럭시아에스엠
004100,태양금속
03473K,SK우
176710,파워 국고채
211900,KODEX 배당성장
155660,DSR
014580,백광소재
102970,KODEX 증권
123320,TIGER 레버리지
128820,대성산업
030790,동양네트웍스
003547,대신증권2우B
008870,금비
090080,평화산업
210540,디와이파워
072130,유엔젤
006890,태경화학
015020,이스타코
001290,골든브릿지증권
232080,TIGER 코스닥150
009460,한창제지
023810,인팩
024070,WISCOM
004090,한국석유
088790,진도
010040,한국내화
004270,남성
001250,GS글로벌
002760,보락
001620,동국실업
190150,ARIRANG 바벨 채권
009320,대우부품
006740,영풍제지
023350,한국종합기술
005320,국동
004740,보루네오
012600,청호컴넷
000950,전방
092220,KEC
003780,진양산업
005420,코스모화학
071950,코아스
000910,유니온
002070,남영비비안
078935,GS우
096300,베트남개발1
023450,동남합성
011500,한농화성
001560,제일연마
000157,두산2우B
001070,대한방직
024900,덕양산업
217780,TIGER 차이나A인버스(합성)
099140,KODEX China H
017370,우신시스템
204450,KODEX China H 레버리지(H)
044380,주연테크
000520,삼일제약
104110,신성이엔지
002710,TCC동양
003580,동원
023150,MH에탄올
550001,QV Big Vol ETN
009190,대양금속
550002,QV WISE 배당 ETN
002410,범양건영
500015,신한 WTI원유 선물 ETN(H)
011300,성안
069730,DSR제강
031820,콤텍시스템
530001,삼성 유럽 고배당 주식 ETN(H)
001275,부국증권우
004140,동방
101140,아티스
007610,선도전기
013700,까뮤이앤씨
003720,삼영화학
010660,화천기계
010420,한솔PNS
008420,문배철강
136340,KBSTAR 우량회사채
069460,대호에이엘
119650,KC코트렐
004410,서울식품
025820,이구산업
000760,이화산업
570002,TRUE 코스피 선물매도 풋매도 ETN
213610,KODEX 삼성그룹밸류
010770,평화홀딩스
013360,일성건설
026940,부국철강
145270,케이탑리츠
169950,KODEX 중국본토 A50
019180,티에이치엔
137610,TIGER 농산물선물(H)
132030,KODEX 골드선물(H)
009180,한솔로지스틱스
003465,유화증권우
008110,대동전자
500002,신한 USD K200 선물 바이셀 ETN
001550,조비
580001,able 코스피200선물플러스 ETN
570001,TRUE 코스피 선물매수 콜매도 ETN
002140,고려산업
003680,한성기업
530013,삼성 KTOP30 ETN
090370,아비스타
051630,진양화학
033250,체시스
005820,원림
020120,다우인큐브
580002,able Quant비중조절 ETN
021050,서원
002690,동일제강
005620,대성합동지주
005070,코스모신소재
500001,신한 K200 USD 선물 바이셀 ETN
108590,TREX 200
590001,미래에셋 미국 바이백 ETN(H)
009810,고려포리머
003010,혜인
003925,남양유업우
049800,우진플라임
001465,BYC우
140950,파워 K100
580003,able Monthly Best 11 ETN
023960,에쓰씨엔지니어링
005255,녹십자홀딩스1우
004920,씨아이테크
000105,유한양행우
006200,한국전자홀딩스
011390,부산산업
233740,KODEX 코스닥150 레버리지
229200,KODEX 코스닥 150
007460,나라케이아이씨
002220,한일철강
071090,하이스틸
134790,팀스
005450,신한
174360,KBSTAR 중국본토대형주CSI100
005030,부산주공
139260,TIGER 200 IT
006110,삼아알미늄
019490,하이트론
030720,동원수산
007630,지에스인스트루
234310,KBSTAR V&S셀렉트밸류
195930,TIGER 유로스탁스50(합성 H)
009140,경인전자
008500,일정실업
074610,이엔쓰리
025890,한국주강
015540,핫텍
580004,able KQ Monthly Best 11 ETN
195920,TIGER 일본(합성 H)
010600,와이비로드
137930,마이다스 커버드콜
010580,지코
009470,삼화전기
002355,넥센타이어1우B
153360,하이골드3호
114820,TIGER 국채3
159650,하이골드8호
155900,바다로19호
140890,트러스제7호
108450,KINDEX 삼성그룹SW
003475,유안타증권우
004365,세방우
008775,호텔신라우
233160,TIGER 코스닥150 레버리지
172580,하이골드12호
001420,태원물산
570007,TRUE 위안화 중국5년국채 ETN
099340,하나니켈1호
002870,신풍제지
138230,KOSEF 달러선물
027970,세하
123310,TIGER 인버스
520003,대우 원자재 선물 ETN(H)
002025,코오롱우
219900,KINDEX 중국본토레버리지(합성)
114260,KODEX 국고채
011720,현대페인트
144600,KODEX 은선물(H)
570006,TRUE 인버스 차이나H ETN(H)
520009,대우 레버리지 원유선물혼합 ETN(H)
228820,TIGER KTOP30
203780,TIGER 나스닥바이오
500008,신한 인버스 구리 선물 ETN(H)
225800,KOSEF 미국달러선물 레버리지(합성)
211210,마이티 코스피고배당
011230,삼화전자
530012,삼성 화학 테마주 ETN
143850,TIGER S&P500선물(H)
550011,QV 자동차 TOP5 ETN
530005,삼성 바이오 테마주 ETN
500005,신한 인버스 브렌트원유 선물 ETN(H)
148070,KOSEF 10년국고채
580005,able 우량주 Monthly Best 11 ETN
002420,세기상사
104520,KOSEF 블루칩
500003,신한 인버스 WTI원유 선물 ETN(H)
105780,KBSTAR 5대그룹주
520010,대우 원유선물혼합 ETN(H)
210780,TIGER 코스피고배당
550015,QV 제약 TOP5 ETN
000075,삼양홀딩스우
010640,진양폴리
167860,KOSEF 10년국고채 레버리지
139200,하이골드2호
139290,TIGER 200 경기소비재
550003,QV 스마트리밸런싱 250/3 ETN
192720,파워 고배당저변동성
570004,TRUE 인버스 유로스탁스50 ETN(H)
005257,녹십자홀딩스2우
550023,QV 고령화 테마 ETN
520001,대우 로우볼 ETN
140910,광희리츠
550006,QV 내수소비 TOP5 ETN
520006,대우 에너지화학 Core5 ETN
183700,KBSTAR 채권혼합
000087,하이트진로2우B
550005,QV 에너지 TOP5 ETN
500013,신한 옥수수 선물 ETN(H)
500017,신한 은 선물 ETN(H)
500016,신한 금 선물 ETN(H)
530023,삼성 레버리지 China A50 선물 ETN(H)
590008,미래에셋 미국 중형주 ETN(H)
145995,삼양사우
550020,QV 2차전지 테마 ETN
590003,미래에셋 유럽 대형주 ETN(H)
590007,미래에셋 미국 대형주 ETN(H)
590004,미래에셋 유럽 중형주 ETN(H)
237440,TIGER 경기방어채권혼합
123760,KBSTAR 레버리지
550013,QV 화학 TOP5 ETN
550019,QV 전기차 테마 ETN
001770,신화실업
570008,TRUE 섹터탑픽 ETN
500009,신한 다우존스지수 선물 ETN(H)
530020,삼성 미국 대형 가치주 ETN
570011,TRUE 레버리지 엔선물 ETN
530016,삼성 미국 대형 가치주 ETN(H)
520004,대우 전기전자 Core5 ETN
530018,삼성 미국 중소형 가치주 ETN(H)
530022,삼성 미국 중소형 가치주 ETN
570014,TRUE 인버스 유로선물 ETN
122090,ARIRANG KOSPI50
570010,TRUE 엔선물 ETN
550025,QV HMR 테마 ETN
570009,TRUE 코리아프리미어 ETN
500012,신한 인버스 달러인덱스 선물 ETN(H)
550024,QV 수자원 테마 ETN
230480,KOSEF 미국달러선물 인버스2X(합성)
570012,TRUE 인버스 엔선물 ETN
570013,TRUE 유로선물 ETN
530014,삼성 China A50 선물 ETN(H)
530015,삼성 미국 대형 성장주 ETN(H)
550021,QV 핀테크 테마 ETN
530019,삼성 미국 대형 성장주 ETN
500011,신한 달러인덱스 선물 ETN(H)
001140,국보
139250,TIGER 200 에너지화학
500018,신한 구리 선물 ETN(H)
237370,KODEX 배당성장채권혼합
001685,대상우
520005,대우 인버스 전기전자 Core5 ETN
530017,삼성 미국 중소형 성장주 ETN(H)
530021,삼성 미국 중소형 성장주 ETN
530008,삼성 미디어 테마주 ETN
550012,QV 의료 TOP5 ETN
500010,신한 인버스 다우존스지수 선물 ETN(H)
530002,삼성 인버스 China A50 선물 ETN(H)
550009,QV 하드웨어 TOP5 ETN
005745,크라운제우
550014,QV 바이오 TOP5 ETN
550022,QV 사물인터넷 테마 ETN
185680,KODEX 미국바이오(합성)
229720,KODEX KTOP30
550008,QV 소프트웨어 TOP5 ETN
550004,QV 롱숏 K150 매수 로우볼 매도 ETN
570005,TRUE 목표변동성20 코스피선물 ETN
500006,신한 인버스 금 선물 ETN(H)
590002,미래에셋 일본 바이백 ETN(H)
500014,신한 인버스 옥수수 선물 ETN(H)
530004,삼성 화장품 테마주 ETN
520007,대우 인버스 에너지화학 Core5 ETN
091170,KODEX 은행
091180,KODEX 자동차
570003,TRUE 빅5 동일가중 ETN
500007,신한 인버스 은 선물 ETN(H)
550010,QV 운송 TOP5 ETN
200020,KODEX 미국IT(합성)
550016,QV 건설 TOP5 ETN
215620,흥국 S&P 로우볼
530011,삼성 온라인쇼핑 테마주 ETN
004255,NPC우
520011,대우 인버스 원유선물혼합 ETN(H)
530006,삼성 음식료 테마주 ETN
228810,TIGER 미디어컨텐츠
200040,KODEX 미국금융(합성)
143460,KINDEX 밸류대형
005725,넥센우
550018,QV CHINEXT ETN(H)
520002,대우 차이나 대표주 15 ETN(H)
007575,일양약품우
004135,대덕GDS우
004105,태양금속우
007280,한국특수형강
530003,삼성 모멘텀 탑픽 ETN
168300,KTOP 50
200030,KODEX 미국산업재(합성)
217770,TIGER 원유인버스선물(H)
009835,한화케미칼우
100910,KOSEF KRX100
227830,ARIRANG 코스피
530009,삼성 증권 테마주 ETN
500004,신한 브렌트원유 선물 ETN(H)
550007,QV 조선 TOP5 ETN
225130,KINDEX 골드선물 레버리지(합성 H)
003495,대한항공우
530010,삼성 건축자재 테마주 ETN
530007,삼성 레저 테마주 ETN
007815,코리아써우
182480,TIGER US리츠(합성 H)
236460,ARIRANG 스마트베타 LowVOL
091210,TIGER KRX100
003535,한화투자증권우
101280,KODEX Japan
083570,아시아10호
083590,아시아12호
222200,ARIRANG 스마트베타 Quality
152500,KINDEX 레버리지
083600,아시아13호
083580,아시아11호
218420,KODEX 미국에너지(합성)
117700,KODEX 건설
219390,KBSTAR 미국원유생산기업(합성 H)
205720,KINDEX 일본인버스(합성 H)
000885,한화우
208470,SMART MSCI선진국(합성 H)
237350,KODEX 200 대형
068875,LG생명과학우
107560,GIANT 현대차그룹
236350,TIGER 인도레버리지(합성)
227540,TIGER 200 헬스케어
153270,KOSEF 100
170350,TIGER 베타플러스
019175,신풍제약우
227560,TIGER 200 생활소비재
140580,KBSTAR 우량업종
222190,ARIRANG 스마트베타 Momentum
159800,마이티 K100
241180,TIGER 일본니케이225
183710,KBSTAR 주식혼합
001525,동양우
117460,KODEX 에너지화학
238670,ARIRANG 스마트베타Quality채권혼합
225040,TIGER S&P500레버리지(합성 H)
176950,KODEX 인버스국채선물10년
182490,TIGER 단기선진하이일드(합성 H)
145850,TREX 펀더멘탈 200
241390,KBSTAR V&S셀렉트밸류채권혼합
200050,KODEX MSCI독일(합성)
244580,KODEX 바이오
083610,아시아14호
083620,아시아15호
000225,유유제약1우
226980,KODEX 200 중소형
138530,TIGER LG그룹+
238720,KINDEX 일본Nikkei225(H)
002005,한국유리우
244620,KODEX 모멘텀Plus
244670,KODEX 밸류Plus
227550,TIGER 200 산업재
243880,TIGER 200IT레버리지
145670,KINDEX 인버스
225030,TIGER S&P500인버스선물(H)
091160,KODEX 반도체
196030,KINDEX 일본레버리지(H)
244660,KODEX 퀄리티Plus
225060,TIGER 이머징마켓레버리지(합성 H)
157500,TIGER 증권
244820,ARIRANG 스마트베타4종결합
200250,KOSEF 인디아(합성)
104530,KOSEF 고배당
090970,코리아01호
001795,대한제당우
009415,태영건설우
084695,대상홀딩스우
091220,TIGER 은행
090990,코리아03호
147970,TIGER 모멘텀
152380,KODEX 10년국채선물
222180,ARIRANG 스마트베타 Value
014825,동원시스템즈우
102960,KODEX 조선
090980,코리아02호
243890,TIGER 200에너지화학레버리지
091000,코리아04호
001515,SK증권우
228800,TIGER 여행레저
227570,TIGER 우량가치
196220,KBSTAR 일본레버리지(H)
133690,TIGER 나스닥100
136280,KODEX 소비재
213630,ARIRANG 미국고배당주(합성 H)
001689,대상3우B
004545,깨끗한나라우
204420,ARIRANG 차이나H 레버리지(합성 H)
234790,KINDEX 코스닥150 레버리지
225050,TIGER 유로스탁스레버리지(합성 H)
18064K,한진칼우
138920,KODEX 콩선물(H)
117680,KODEX 철강
139230,TIGER 200 중공업
228790,TIGER 화장품
006345,대원전선우
227930,KINDEX 코스닥 150
181480,KINDEX 미국리츠부동산(합성 H)
016385,동부제철우
166400,TIGER 커버드C200
005965,동부건설우
114460,KINDEX 국고채
139660,KOSEF 달러인버스선물
083370,동북아12호
083350,동북아10호
083360,동북아11호
083390,동북아14호
083380,동북아13호
226380,KINDEX 한류
160580,TIGER 구리실물
001745,SK네트웍스우
140700,KODEX 보험
138910,KODEX 구리선물(H)
117690,TIGER 차이나
012205,계양전기우
141240,ARIRANG K100EW
148040,PIONEER SRI
004835,덕성우
161500,ARIRANG 주도주
152280,KOSEF 200 선물
232590,KINDEX 골드선물 인버스2X(합성 H)
156080,KODEX MSCI KOREA
211260,KINDEX 배당성장
000145,하이트진로홀딩스우
189400,ARIRANG AC 월드(합성 H)
004985,성신양회우
097750,TREX 중소형가치
219480,KODEX S&P500선물(H)
001527,동양2우B
002995,금호산업우
222170,ARIRANG S&P 배당성장
139270,TIGER 200 금융
195980,ARIRANG 신흥국(합성 H)
220130,SMART 중국본토 중소형 CSI500(합성 H)
090355,노루페인트우
001065,JW중외제약우
139320,TIGER 금은선물(H)
014915,성문전자우
195970,ARIRANG 선진국(합성 H)
157490,TIGER 소프트웨어
157520,TIGER 화학
217790,TIGER 가격조정
139220,TIGER 200 건설
098560,TIGER 미디어통신
000725,현대건설우
00781K,코리아써키트2우B
152180,TIGER 생활필수품
099350,하나니켈2호
003075,코오롱글로벌우
010145,삼성중공우
140570,KBSTAR 수출주
001755,한양증권우
004565,현대비앤지스틸우
003415,쌍용양회우
161490,ARIRANG 방어주
000995,동부하이텍1우
138520,TIGER 삼성그룹
014285,금강공업우
138540,TIGER 현대차그룹+
000325,노루홀딩스우
001067,JW중외제약2우B
007197,한솔아트원제지2우B
105010,TIGER 라틴
004415,서울식품우
157510,TIGER 자동차
000227,유유제약2우B
011155,CJ씨푸드1우
000545,흥국화재우
131890,KINDEX 삼성그룹EW
004989,성신양회3우B
003419,쌍용양회3우B
008355,남선알미우
139240,TIGER 200 철강소재
139310,TIGER 금속선물(H)
001799,대한제당3우B
140710,KODEX 운송
009275,신원우
013367,일성건설2우B
000547,흥국화재2우B
001529,동양3우B
002785,진흥기업우B
004987,성신양회2우B
002787,진흥기업2우B
000327,노루홀딩스2우B
092630,바다로3호
